- Daily summary Sat Dec 13 20:14:25 UTC 2025
- Daily summary Sun Dec 14 20:14:28 UTC 2025
- Daily summary Mon Dec 15 20:16:02 UTC 2025
- Daily summary Tue Dec 16 20:16:33 UTC 2025
- Daily summary Wed Dec 17 20:16:16 UTC 2025
- Daily summary Thu Dec 18 20:14:34 UTC 2025
- Daily summary Fri Dec 19 20:15:28 UTC 2025
- Daily summary Sat Dec 20 20:13:47 UTC 2025
- Daily summary Sun Dec 21 20:14:28 UTC 2025
- Daily summary Mon Dec 22 20:15:24 UTC 2025
- Daily summary Tue Dec 23 20:15:14 UTC 2025
- Daily summary Wed Dec 24 20:14:51 UTC 2025
